Step,Action,Reason,Subtask,Memory
"[9, 9]","['NavigateTo(ReservoirOmaha)', 'NavigateTo(ReservoirWhosville)']","Alice and Bob should first collect the necessary resources to extinguish the fires. Alice is closer to ReservoirOmaha containing Sand, so she should collect sand to address the chemical fire EnglandFire. Bob is closer to ReservoirWhosville containing Water, so he should collect water to address the non-chemical fire TownFire. After collecting resources, they can proceed to extinguish the fires and then explore to find LostPersonJeremy.","Alice is currently trying to collect sand from ReservoirOmaha, Bob is currently trying to collect water from ReservoirWhosville","Alice is at co-ordinates (17, 14). Bob is at co-ordinates (9, 7)."
"[9, 9]","['GetSupply(ReservoirOmaha)', 'GetSupply(ReservoirWhosville)']","Alice should collect sand from ReservoirOmaha to use on the chemical type EnglandFire. Bob should collect water from ReservoirWhosville to use on the non-chemical type TownFire. Both robots are already at the locations of their respective reservoirs, so they can immediately collect the resources.","Alice is currently trying to collect sand from ReservoirOmaha, Bob is currently trying to collect water from ReservoirWhosville","Alice is at co-ordinates (4, 19) near ReservoirOmaha. Bob is at co-ordinates (8, 18) near ReservoirWhosville. EnglandFire_Region_1 with Low intensity Chemical fire located. TownFire_Region_1 and TownFire_Region_2 with Low intensity Non-chemical fire located."
"[9, 9]","['NavigateTo(EnglandFire_Region_1)', 'NavigateTo(TownFire_Region_1)']","Alice should navigate to EnglandFire_Region_1 to use her sand supply on the chemical fire. Bob should navigate to TownFire_Region_1 to use his water supply on the non-chemical fire. Both robots must navigate to the respective fire regions before they can use their supplies. After extinguishing their respective fire regions, both robots can continue to extinguish the remaining regions of the fires. Simultaneously, they should look out for LostPersonJeremy while navigating.","Alice is currently trying to extinguish EnglandFire_Region_1 using sand, Bob is currently trying to extinguish TownFire_Region_1 using water","Alice is at co-ordinates (4, 19) near ReservoirOmaha with 1 unit of sand. Bob is at co-ordinates (8, 18) near ReservoirWhosville with 1 unit of water. EnglandFire_Region_1 with Low intensity chemical fire located. TownFire_Region_1 and TownFire_Region_2 with Low intensity non-chemical fire located."
"[9, 9]","['UseSupply(EnglandFire, Sand)', 'NavigateTo(TownFire_Region_2)']","Alice should use the sand supply on the center of EnglandFire to reduce its intensity, as she is already at the location of EnglandFire_Region_1 and has sand. Bob should navigate to TownFire_Region_2 to use his water supply, as it's the remaining region of TownFire that needs to be extinguished with water and he's already successfully navigated close to TownFire.","Alice is currently extinguishing EnglandFire, Bob is currently navigating to TownFire_Region_2","Alice is at co-ordinates (7, 13) near EnglandFire_Region_1 with 1 unit of sand. Bob is at co-ordinates (19, 18) near TownFire_Region_1 with 1 unit of water. EnglandFire_Region_1 with Low intensity chemical fire has been extinguished. TownFire_Region_1 with Low intensity non-chemical fire has been extinguished. Remaining fire regions are TownFire_Region_2 and the rest of EnglandFire."
"[9, 9]","['Explore()', 'UseSupply(TownFire, Water)']",Alice can begin exploring to find LostPersonJeremy since the EnglandFire has been extinguished and she has no supplies. Bob is already at TownFire_Region_2 and can use his water to extinguish the low intensity fire there.,"Alice is currently exploring to locate LostPersonJeremy, Bob is currently extinguishing TownFire_Region_2 using water","Alice is at co-ordinates (7, 13) with no supplies. Bob is at co-ordinates (17, 20) near TownFire_Region_2 with 1 unit of water. EnglandFire has been extinguished. TownFire_Region_1 has been extinguished, only TownFire_Region_2 remains. No lost persons have been found yet."
"[9, 9]","['NavigateTo(ReservoirWhosville)', 'UseSupply(TownFire, Water)']",Bob needs to use his water supply to extinguish the remaining TownFire_Region_2. Alice should navigate to ReservoirWhosville to collect water in order to help extinguish TownFire or assist in carrying LostPersonJeremy.,"Bob is currently extinguishing TownFire_Region_2, Alice is currently navigating to ReservoirWhosville","Alice is at co-ordinates (17, 3) with no supplies. Bob is at co-ordinates (17, 20) with 1 unit of water and near TownFire_Region_2. EnglandFire has been completely extinguished. TownFire_Region_1 has been extinguished, only TownFire_Region_2 remains. LostPersonJeremy has been found and requires 2 agents to carry."
"[9, 9]","['GetSupply(ReservoirWhosville)', 'NavigateTo(ReservoirWhosville)']","Alice can collect water from ReservoirWhosville to use on TownFire. Bob needs to navigate to ReservoirWhosville to collect water as well, since he has used his previous supply and is near TownFire_Region_2 which needs to be extinguished.","Alice is currently getting water from ReservoirWhosville, Bob is currently navigating to ReservoirWhosville","EnglandFire has been completely extinguished. TownFire_Region_1 has been extinguished, only TownFire_Region_2 remains. LostPersonJeremy has been found and requires 2 agents to carry. Alice is now at ReservoirWhosville to collect water. Bob is at TownFire_Region_2 and needs water to extinguish it."
"[9, 9]","['NavigateTo(TownFire_Region_2)', 'GetSupply(ReservoirWhosville)']","Alice has successfully collected water and should now navigate to TownFire_Region_2 to help extinguish it with her water supply. Bob, who is already at TownFire_Region_2, should collect water from ReservoirWhosville to use on the fire.","Alice is currently navigating to TownFire_Region_2, Bob is currently getting supply from ReservoirWhosville","EnglandFire has been completely extinguished. TownFire_Region_1 has been extinguished, only TownFire_Region_2 remains. LostPersonJeremy has been found and requires 2 agents to carry. Alice has collected water from ReservoirWhosville. Bob is at TownFire_Region_2 and needs water to extinguish it."
"[9, 9]","['Explore()', 'UseSupply(TownFire, Water)']","Alice should explore to make TownFire_Region_2 visible and then navigate to it. Bob, who is already at TownFire_Region_2 with water, should use his water supply to extinguish the fire. Once TownFire is extinguished, both Alice and Bob can navigate towards LostPersonJeremy to carry him.","Alice is currently exploring to locate TownFire_Region_2, Bob is currently extinguishing TownFire_Region_2 using water, both will soon navigate to LostPersonJeremy to carry him","EnglandFire has been completely extinguished. TownFire_Region_1 has been extinguished, only TownFire_Region_2 remains. LostPersonJeremy has been found and requires 2 agents to carry. Alice has collected water from ReservoirWhosville. Bob is at TownFire_Region_2 and needs water to extinguish it."
"[9, 9]","['NavigateTo(TownFire_Region_2)', 'Move(Center)']","Alice should navigate to TownFire_Region_2 to help Bob extinguish the fire since she has 1 unit of water in her inventory. Bob should move closer to TownFire_Region_2 so he can use his water supply to lower the intensity of the fire. Once the fire is under control, both Alice and Bob can coordinate to carry LostPersonJeremy and navigate to the deposit.","Alice is currently navigating to TownFire_Region_2, Bob is currently moving closer to TownFire_Region_2 to use his water supply.","EnglandFire has been completely extinguished. TownFire_Region_1 has been extinguished, only TownFire_Region_2 remains with medium intensity. LostPersonJeremy has been found and requires 2 agents to carry. Alice has 1 unit of water and is at coordinates (17, 28). Bob is at TownFire_Region_2 but needs to navigate closer to use his water supply."
